p0,k_wind,k_slope,burn_hours,w_grass,w_shrub,w_timber,iou,precision,recall,f1,arrival_mae_h,arrival_bias_h,n_sim,n_obs,n_overlap,n_timed,score
0.022061360054222993,0.3563312804059833,2.7068744640669276,6.52690742800459,0.31141683307775475,0.7899388120409592,1.5772504188452137,0.5968028419182948,0.8255528255528255,0.6829268292682927,0.7474972191323694,12.009176587301587,0.8192956349206357,407,492,336,336,0.5217454882476599
0.12533704065338241,0.305787154144031,1.2845537360203212,1.6940987941917003,0.6518747713894275,1.0186478582625058,0.5994351085942358,0.5615514333895447,0.7672811059907834,0.676829268292683,0.7192224622030238,10.165115115115116,-2.3237737737737727,434,492,333,333,0.49801946392007523
0.049174984635531986,0.38814651018374646,5.01318118866655,1.6225012013519784,0.3403860609772171,0.39569098206938497,1.7511712943494477,0.5456026058631922,0.7330415754923414,0.6808943089430894,0.7060063224446786,10.595273631840797,-3.27955223880597,457,492,335,335,0.47938214566418724
0.09129818619740505,0.1370099369142148,3.317389524386769,1.678845220938355,1.7378548282636421,1.3484855044314255,1.2220194839137484,0.5222437137330754,0.9152542372881356,0.5487804878048781,0.6861499364675986,12.46962962962963,4.762839506172839,295,492,270,270,0.44430852854789027
0.05234848490585355,0.21468728981131943,2.032173800524502,2.5965558556949153,0.6209241263682312,1.597799199345385,1.9176217283554802,0.5131396957123098,0.6162790697674418,0.7540650406504065,0.6782449725776964,12.954627133872416,-1.9046720575022449,602,492,371,371,0.4321732761256072
0.08946829470477491,0.3871268487985234,1.922383221583847,3.5253108056277753,0.393959696152087,0.907528359953492,0.7501722014466854,0.5121638924455826,0.5805515239477503,0.8130081300813008,0.6773920406435224,13.352541666666665,-6.5921249999999985,689,492,400,400,0.42871050702891594
0.06947871290305023,0.29648076681304175,0.8038633153740458,4.578210737505062,0.3924493560835902,0.809171233466898,0.6945367831386393,0.49466666666666664,0.589825119236884,0.7540650406504065,0.6619090098126672,12.599640610961364,-1.6602875112309066,629,492,371,371,0.41591891284815813
0.0647260856804519,0.17751668307243948,4.426785336638237,2.8021637152677434,1.5789591545370396,1.1571036274643836,1.5754521795119962,0.5042492917847026,0.624561403508772,0.7235772357723578,0.6704331450094162,14.331460674157304,0.3081460674157314,570,492,356,356,0.4146776625712194
0.06871068929061973,0.27281277875256366,0.39811682262348635,2.6890541618267116,0.4032022138232499,1.233108901311164,0.5725748124028757,0.47184466019417476,0.9135338345864662,0.49390243902439024,0.6411609498680739,9.41584362139918,4.757544581618657,266,492,243,243,0.4129956375604299
0.04428400421565393,0.16497377321967557,3.237164611570072,3.369195383081282,1.735614084588217,1.1203732645983997,1.6066669020809445,0.502835538752363,0.8778877887788779,0.540650406504065,0.6691823899371069,14.98013784461153,4.273370927318296,303,492,266,266,0.4092096772235409
0.15506659633298459,0.32841686083629,4.527438829308808,1.6845159821181017,1.0959933896790928,0.6409562012466419,0.6151379637642256,0.47876447876447875,0.5662100456621004,0.7560975609756098,0.6475195822454307,11.131586021505377,-4.055062724014335,657,492,372,372,0.40919206613007014
0.13660495696352223,0.18383788967608627,5.120418439608997,2.6375764010573852,0.39911466087141223,0.7783526164373941,0.7991093882033621,0.4966532797858099,0.5926517571884984,0.7540650406504065,0.663685152057245,14.82587601078167,0.6705300988319868,626,492,371,371,0.40399155471842446
0.13616018455401868,0.4050410751646572,2.0559017762018437,1.2728556427612427,1.14082038075657,0.5106946925494923,0.7053929543167623,0.4797047970479705,0.5485232067510548,0.7926829268292683,0.6483790523690773,13.237008547008546,-6.722991452991452,711,492,390,390,0.39697349362916706
0.07826545871256338,0.17552816557043815,5.991657090071495,2.348135762616369,0.5617380903819649,1.0187605653295488,1.3534364941487644,0.4521354933726068,0.6214574898785425,0.6239837398373984,0.6227180527383367,13.96644951140065,0.6021715526601525,494,492,307,307,0.36484518392635273
0.03647939026100319,0.33663193158595167,0.43117299504576034,5.144929774325668,1.5853279801280042,0.910647475355154,0.3185890258881283,0.4061302681992337,0.8760330578512396,0.43089430894308944,0.5776566757493188,11.477358490566038,9.578930817610061,242,492,212,212,0.334396777633196
0.27851952702293975,0.23223951056570058,1.8754196941715036,1.3567233780242023,0.4897206260236854,0.9536574425828778,0.4028983664051114,0.4077079107505071,0.4486607142857143,0.8170731707317073,0.579250720461095,12.028150912106137,-4.298548922056384,896,492,402,402,0.33253196754984377
0.25427539533564947,0.14293603546360276,0.4686503584821833,1.2088433906978824,0.8890137141922075,0.3323580512897272,0.5813291878890176,0.4319526627218935,0.45625,0.8902439024390244,0.6033057851239669,16.054071537290717,-1.9303272450532714,960,492,438,438,0.3316147156138265
0.16485170439449015,0.42156591774020064,1.4458234500341085,1.8593055268804022,1.7128915426123403,0.5605833382616399,0.6047561238681565,0.4091760299625468,0.43139190523198423,0.8882113821138211,0.5807308970099668,15.249084668192218,-5.842067124332569,1013,492,437,437,0.3138692507863455
0.04529635901720652,0.37561844894712115,0.9345460258474763,4.744287070831094,1.856766258393806,1.2646617930338497,0.975296612503801,0.3872146118721461,0.41285296981499514,0.8617886178861789,0.5582620144832126,13.313718553459118,-2.502161949685534,1027,492,424,424,0.3040038709130266
0.05136751490606849,0.25866932905805196,2.8036402073540074,5.299972953301048,1.0603686677440576,0.9776961954508057,1.102197211130132,0.4121212121212121,0.417910447761194,0.967479674796748,0.5836909871244634,18.12566526610644,0.8334383753501411,1139,492,476,476,0.29883580420804684
0.01735722798531581,0.35821285033967026,3.121380402275963,3.8557300125239564,0.45992233725197285,1.8124159168481753,0.971512308068946,0.3654618473895582,0.9680851063829787,0.3699186991869919,0.5352941176470589,11.375,6.187087912087913,188,492,182,182,0.2943680973895582
0.09479401025876513,0.31189294211836566,1.0376636186524684,4.551048911074303,1.986016609078808,0.30681292804667715,0.32818566322584675,0.35892691951896394,0.3971340839303992,0.7886178861788617,0.5282505105513955,12.606615120274915,3.5094501718213067,977,492,388,388,0.28013557501724573
0.0421551858448644,0.2773390364673898,0.25410330948100257,7.18901997956772,1.506283084671055,0.5943173389182554,0.4559257099011367,0.386,0.9601990049751243,0.39227642276422764,0.5569985569985569,17.577720207253886,13.163039723661486,201,492,193,193,0.2761392487046632
0.06402030227863566,0.14677318890160473,1.4080335927695649,3.752750940804667,1.5619655132517087,1.1062123884231572,1.2702420304044186,0.4248847926267281,0.43738140417457305,0.9369918699186992,0.5963777490297542,24.91160520607375,10.973571945047,1054,492,461,461,0.26918726008876714
0.023138604171464003,0.27061774326510657,4.583064403730148,2.993653120549226,1.6388444942674685,1.3750035863027121,1.879576474860819,0.3393574297188755,0.9657142857142857,0.3434959349593496,0.5067466266866567,12.214595660749508,4.1802761341222885,175,492,169,169,0.2630162068391911
0.04005701251178314,0.41548621061604535,5.301997689434898,4.654990130463013,1.2388303045848164,0.6599598747194123,1.6930662844258835,0.3533834586466165,0.375,0.8597560975609756,0.5222222222222221,14.992434988179667,-8.257762017336484,1128,492,423,423,0.2596807399704936
0.04756151769812954,0.37215360657359975,3.836966612943165,6.14556310983307,1.5099191038670539,1.7593386246244103,0.6124465187553841,0.33974358974358976,0.3593220338983051,0.8617886178861789,0.507177033492823,13.161556603773585,-0.28860062893081656,1180,492,424,424,0.25748386097000486
0.09154116926673314,0.4134704370888073,0.055558690926740484,2.3182538236794628,0.3531819719327957,0.48807009485574554,1.3542537872681035,0.36009933774834435,0.3779322328410078,0.8841463414634146,0.5295191722458916,16.70084291187739,-6.830038314176243,1151,492,435,435,0.25571906954911067
0.07405968726991169,0.30250804186791524,1.68740270303405,5.615958442843312,1.5358908442877004,1.606700736260017,0.4831596081250241,0.33890577507598785,0.35118110236220473,0.9065040650406504,0.5062429057888763,14.600560538116593,-1.9381539611360237,1270,492,446,446,0.24765227171275914
0.05752151856073678,0.32715490768260996,5.184446824452895,2.0030918747674376,0.7901415652777968,0.6315500949962064,0.3456548207749275,0.31048387096774194,0.9746835443037974,0.3130081300813008,0.47384615384615386,10.216774891774893,6.667207792207792,158,492,154,154,0.24662902789414887
0.15929050245851328,0.34910598889669076,4.631096059374931,3.6482260995664992,1.7197138448372473,0.662227388478304,0.3073198186350537,0.3154016212232867,0.33101314771848417,0.8699186991869918,0.47955182072829133,13.192172897196262,-4.344042056074765,1293,492,428,428,0.23295054061581005
0.14444199406617192,0.34170349501007435,3.3238867549011566,1.1480920799630545,0.8378144774724158,0.6009023989062797,1.414983863670829,0.3384841795437822,0.346646571213263,0.9349593495934959,0.5057724024189114,17.163623188405797,-10.098840579710144,1327,492,460,460,0.23121153461624594
0.0715076276052007,0.18668340248677434,0.7431412867758116,3.8730903148881266,1.2467873260628655,1.8822090080495995,0.3615779627770161,0.29979879275653926,0.9675324675324676,0.30284552845528456,0.4613003095975232,10.976510067114093,8.617225950782997,154,492,149,149,0.23119560483707619
0.1249542350240212,0.2916422686266824,2.9010698460220863,4.075450432993575,0.490609377903061,1.181117268936781,0.4698840752530182,0.30366847826086957,0.3132445690259285,0.9085365853658537,0.46586763939551845,13.56856823266219,-3.5556674123788206,1427,492,447,447,0.21886492680673086
0.11456894573707081,0.30514232739592273,5.076045367847453,1.2817761795794662,1.064375570318557,1.8172290724684546,1.5743516521688747,0.32275862068965516,0.3281907433380084,0.9512195121951219,0.4880083420229405,17.136467236467233,-9.161039886039882,1426,492,468,468,0.21565570046173496
0.2100239392926976,0.31669996254310107,1.2261572712698328,1.6550806173686092,1.8096488889868367,1.5991575942861984,0.6396513821188253,0.2936972059779077,0.30153435623749164,0.9186991869918699,0.4540431943746861,15.244616519174041,-8.073820058997049,1499,492,452,452,0.19841835273306996
0.3678741377653036,0.20010961260483556,2.657109127391415,1.502579996520321,1.6646788253607665,1.8181892240805293,0.3187283345531884,0.2872611464968153,0.2949640287769784,0.9166666666666666,0.44631370608609594,15.100332594235033,-8.057317073170731,1529,492,451,451,0.19288406778284634
0.11537646366129946,0.40675688495796547,3.2969616768003487,2.0502770477374708,0.64474376943557,1.421976615203094,1.532188597819684,0.2800687285223368,0.28055077452667815,0.9939024390243902,0.4375838926174496,17.26005453306067,-8.794342194955691,1743,492,489,489,0.17219338769070758
0.10157566554024361,0.3305794913708227,1.1582489452134246,2.8953112592246018,1.5068379853782166,1.966348134327759,1.3396241301610183,0.2755331088664422,0.27568781583380125,0.9979674796747967,0.4320281566212055,17.399864222674815,-8.373727087576373,1781,492,491,491,0.16678395747472463
0.12014834978594653,0.4219674446411908,1.8107600397635613,2.7863055860547954,1.5089767569300678,1.4159628207125092,1.0672081611836188,0.27210496292070735,0.2744533947065593,0.9695121951219512,0.42780269058295967,17.09454926624738,-6.102515723270439,1738,492,477,477,0.16526403000666123
0.21199383564703192,0.18367050070395588,2.6403006494013144,1.8806491281859967,0.4559302544003114,1.4347328693494885,1.4143801551831887,0.27348526959421904,0.27348526959421904,1.0,0.4295067656045396,17.948577235772355,-10.719647696476963,1799,492,492,492,0.16130666187064183
0.3099281156836958,0.1818154758333447,2.845012376895709,1.8345226833842123,0.5279608367837011,0.7727284278281376,0.8179978263934132,0.2701812191103789,0.2701812191103789,1.0,0.4254215304798962,17.50210027100271,-10.267411924119239,1821,492,492,492,0.16079309241661197
0.14329808517090165,0.19702870455412674,5.6741619109468395,3.6481687566139067,1.610314463231129,1.2188103766902834,0.6107749097326601,0.2608935466078323,0.2636566332218506,0.9613821138211383,0.4138232720909886,16.17367864693446,-4.612438336856941,1794,492,473,473,0.15980805506449194
0.43003150824726144,0.2535854566362918,2.9736304692068583,1.3864696969558632,0.8920690018844756,1.7706703942481021,0.3525178229612547,0.2625668449197861,0.26270733012306047,0.9979674796747967,0.4159254553155443,16.8071622539036,-9.333163611676847,1869,492,491,491,0.1575220808328886
0.10601865680192497,0.3478218246608778,5.132949250743515,2.779844386279101,1.8619492575345575,1.0725776315077182,1.3258215723666464,0.2637837837837838,0.26435536294691225,0.991869918699187,0.4174508126603935,17.20601092896175,-7.67622950819672,1846,492,488,488,0.1562462154777729
0.03071891855470328,0.07287370661233404,3.83550204213702,6.480336919202068,0.658588460430812,1.8595725017524416,1.7466951040886796,0.3803486529318542,0.633245382585752,0.4878048780487805,0.5510907003444316,36.03638888888888,17.14791666666667,379,492,240,240,0.15512122237629872
0.46080487151856137,0.22332993427315614,5.515473493303355,1.2281471027291015,0.41386262232438287,0.985565090981585,0.4364714446868631,0.2600752283718431,0.2611980572045332,0.983739837398374,0.41279317697228146,17.07341597796143,-10.111501377410466,1853,492,484,484,0.15336637850958418
0.018333592751326143,0.4174507811043997,1.5874456669275698,1.2769214587313427,0.48402405050725694,0.7084232120753909,0.7656404866302768,0.1975806451612903,0.9607843137254902,0.1991869918699187,0.32996632996633,7.139965986394559,5.379081632653061,102,492,98,98,0.1529558577463243
0.46292000929225746,0.4019086377315146,3.9154035106024914,1.870872721085667,0.8021643510067461,1.8526411046148756,0.4508486381134116,0.25840336134453784,0.25840336134453784,1.0,0.41068447412353926,17.00928184281843,-9.279607046070458,1904,492,492,492,0.15209534982692263
0.10690949848001731,0.05964584142364322,5.7246496744200455,2.9940528331072302,0.9038473501132132,0.8475370307032613,1.8270257568028443,0.3010269576379974,0.3055374592833876,0.9532520325203252,0.4627528367044894,23.93137882018479,-1.1409026297085998,1535,492,469,469,0.15145584001184248
